{"cameraMode":{"drawMode":0,"name":"Shaded","section":"Shading Mode"},"sceneLighting":true,"audioPlay":false,"sceneViewState":{"showFog":true,"showMaterialUpdate":false,"showSkybox":true,"showFlares":true,"showImageEffects":true,"showParticleSystems":true},"in2DMode":false,"pivot":{"x":-7.841224670410156,"y":17.945114135742189,"z":4.171059608459473},"rotation":{"x":0.3297176957130432,"y":-0.5901457071304321,"z":0.2876453101634979,"w":0.6787552237510681},"size":6.461405277252197,"orthographic":false}